{
  "classes": [
    {
      "class": "Question",
      "description": "Information from a Jeopardy! question",
      "properties": [
        {
          "dataType": ["text"],
          "description": "The question",
          "name": "question",
          "tokenization": "word"
        },
        {
          "dataType": ["text"],
          "description": "The answer",
          "name": "answer",
          "tokenization": "word"
        },
        {
          "dataType": ["text"],
          "description": "The category",
          "name": "category",
          "tokenization": "word"
        }
      ]
    }       
  ]
}
