{
  "hostname": "http://[::]:8080",
  "modules": {
    "generative-openai": {
      "documentationHref": "https://beta.openai.com/docs/api-reference/completions",
      "name": "Generative Search - OpenAI"
    },
    "qna-openai": {
      "documentationHref": "https://beta.openai.com/docs/api-reference/completions",
      "name": "OpenAI Question & Answering Module"
    },
    "text2vec-cohere": {
      "documentationHref": "https://docs.cohere.ai/embedding-wiki/",
      "name": "Cohere Module"
    },
    "text2vec-huggingface": {
      "documentationHref": "https://huggingface.co/docs/api-inference/detailed_parameters#feature-extraction-task",
      "name": "Hugging Face Module"
    },
    "text2vec-openai": {
      "documentationHref": "https://beta.openai.com/docs/guides/embeddings/what-are-embeddings",
      "name": "OpenAI Module"
    }
  },
  "version": "1.18.1"
}