[
  {
      "class": "Question",
      "creationTimeUnix": 1680733926988,
      "id": "fe9c02d8-b186-406b-8902-47c4654a04f1",
      "lastUpdateTimeUnix": 1680733926988,
      "properties": {
          "answer": "42",
          "category": "philosophy",
          "question": "What is the meaning of life?"
      }
  },
  {
      "class": "Question",
      "creationTimeUnix": 1680733926988,
      "id": "a295e49b-de17-44ec-950f-88400377ee83",
      "lastUpdateTimeUnix": 1680733926988,
      "properties": {
          "answer": "42",
          "category": "math",
          "question": "What does 6 times 7 equal to?"
      }
  }
]
